{
    "f1": 0.7821851078636046,
    "report": {
        "0": {
            "precision": 0.7719786096256684,
            "recall": 0.7623574144486692,
            "f1-score": 0.7671378467424806,
            "support": 4734
        },
        "1": {
            "precision": 0.7776240363708242,
            "recall": 0.7868,
            "f1-score": 0.7821851078636046,
            "support": 5000
        },
        "accuracy": 0.7749126772138895,
        "macro avg": {
            "precision": 0.7748013229982463,
            "recall": 0.7745787072243346,
            "f1-score": 0.7746614773030427,
            "support": 9734
        },
        "weighted avg": {
            "precision": 0.7748784589913741,
            "recall": 0.7749126772138895,
            "f1-score": 0.7748670747685357,
            "support": 9734
        }
    }
}